tconst	primarytitle	runtimeminutes	genres
tt11960634	Me Vasantrao	180	Biography
tt12735488	Kalki 2898 AD	180	Action,Adventure,Sci-Fi
tt14076256	Deadly Numbers	180	Horror
tt14215672	Panchama Adhyaya	180	
tt14507448	Waiting for Godot	180	Drama
tt14690456	Impact! Plus: Against All Odds	180	Action,Sport
tt14806926	1066	180	History
tt15104208	IMPACT Plus: Homecoming	180	Action,Sport
tt15251614	IMPACT! Plus: Emergence	180	Action,Sport
tt15297206	Njan Shakespeare	180	Drama
tt15310746	Sába királynöje	180	Drama
tt15398776	Oppenheimer	180	Biography,Drama,History
tt15516760	Oeil oignon	180	Drama
tt15567198	The Plains	180	Drama
tt15614354	Impact! Plus: Knockouts Knockdown	180	Action,Sport
tt15654036	Seventeen: 2021 Online Concert 'in-Complete'	180	Music
tt15799356	When TV Cookery Goes Horribly Wrong	180	Documentary
tt15939676	Hamlet de William Shakespeare	180	Drama
tt16578488	Voidman	180	Drama
tt16678934	Arendelle Castle Yule Log: Cut Paper Edition	180	Animation
tt18372440	National Theatre Live: The Book of Dust - La Belle Sauvage	180	
tt18602002	Semya i nemnogo spravedlivosty	180	Crime
tt19355728	New Works-in-Progress: Session One - Motherland	180	Documentary
tt19355752	New Works-in-Progress: Session Two - Broadcast	180	Documentary
tt19363622	The Royal Opera: Rigoletto	180	Musical
tt19799186	National Theatre Live: Henry V	180	Drama
tt20224616	Solo per passione - Letizia Battaglia fotografa	180	Biography
tt20916554	Faust Sonnengesang IV	180	Drama
tt21260076	Jasmine Is A Star World Premiere Night #2	180	Drama
tt21344930	Sensibles	180	Drama
tt21914236	NWA 74	180	Sport
tt22033936	National Theatre Live: Straight Line Crazy	180	Drama
tt22054960	Ojanoma	180	Drama,Fantasy
tt22213478	Herzstolpern	180	Drama
tt22246322	Jackass Penguins	180	
tt22438558	KSI Logan Paul Prime Boxing Event	180	Sport
tt22670174	National Theatre Live: Jack Absolute Flies Again	180	Comedy
tt23781890	National Theatre Live: The Motive and the Cue	180	Drama
tt24803664	The Making of Validation	180	Documentary
tt25405730	UFC 284: Makhachev vs. Volkanovski	180	Sport
tt25786210	Who Murdered Meredith Kercher?	180	Documentary
tt26458443	National Theatre Live: The Crucible	180	Drama,History
tt26812556	Mah Bibi	180	Drama
tt27165281	Dying	180	Drama
tt27429143	UFC 288: Sterling vs Cejudo	180	Sport
tt27429158	UFC 289: Nunes vs. Peña 3	180	Sport
tt27429171	UFC 294	180	Sport
tt27429209	UFC 287: Pereira vs. Adesanya 2	180	Sport
tt27525035	Giuseppe Verdi: Les vêpres siciliennes - Teatro Massimo, Palermo	180	Music
tt27667758	SUGA / Agust D TOUR 'D-DAY' in JAPAN : LIVE VIEWING	180	Documentary,Music
tt27713555	Hopz Season 1	180	Animation
tt27716694	UFC 291: Poirier vs. Gaethje 2	180	Sport
tt27716703	UFC 292	180	Sport
tt28202964	UFC 293	180	Sport
tt28221781	Una mamma all'improvviso	180	Comedy
tt28238969	Terry in TrumpLand	180	Drama
tt28438473	National Theatre Live: Much Ado About Nothing	180	Comedy
tt28523201	André Rieu's 2023 Maastricht Concert: Love Is All Around	180	Music
tt29603617	Unschuldig - Der Fall Julia B.	180	Crime,Drama,Mystery
tt29628424	Jezebel	180	Drama
tt30608955	Tik Tok	180	Horror
tt30797151	UFC 297: Strickland vs. du Plessis	180	Sport
tt30797255	UFC 299: O'Malley vs. Vera 2	180	Sport
tt31722474	Aai Majhi Shree Saptashrungi	180	Drama
tt31722836	Soy creativa	180	Action
tt31793982	Me parasyre to revma	180	Comedy
tt32213262	Comic Relief: Red Nose Day	180	Comedy
tt32222547	UFC 302: Makhachev vs. Poirier	180	Sport
tt32223386	Babymetal: World Tour 2023 - 2024 Legend - MM	180	Music
tt32776610	Akyvernito karavi i patrida mas	180	Comedy
tt32842886	UK General Election 2024	180	News
tt32869496	Masters of the Royal Secret	180	Drama
tt33052043	Mistérios	180	Documentary
tt33295052	André Rieu's 2024 Maastricht Concert: Power of Love	180	Music
tt33457095	American Jesuits: A History of Jesuitism in the United States	180	Documentary
tt33509340	Bu you hai shui de jing	180	Drama
tt34499557	The first of his kind	180	Comedy
tt34602477	Twin Falls, 2001-2024	180	History
tt35620581	BalikBayan #1: Memories of Overdevelopment, Redux VII	180	Drama
tt36160657	Chayka	180	Drama
tt36750027	j-hope Tour: Hope on the Stage in Japan - Live Viewing	180	Documentary,Music
tt36818317	André Rieu's 2025 Maastricht Concert: Waltz the Night Away!	180	Music
tt37026990	Sturm kommt auf	180	Drama,History
tt37091748	Wings of Love	180	Documentary
tt37242338	Lonely Night (Einsame Nacht)	180	Crime
tt37536282	UFC 319: du Plessis vs. Chimaev in COSM Shared Reality	180	Sport
tt37661411	Laura - O Musical	180	Musical
tt38231699	Andre Rieu's 2025 Christmas Concert: Merry Christmas	180	Music
tt39117628	The Real Ken Dodd: The Man I Loved	180	Documentary
tt39278184	Black Girl Triumph	180	Documentary
